Entity,Code,Year,Average effective age of retirement (OECD)
Argentina,ARG,1982,68.75
Argentina,ARG,1983,66.85
Argentina,ARG,1984,67.05000000000001
Argentina,ARG,1985,66.9
Argentina,ARG,1986,67.5
Argentina,ARG,1987,68.05
Argentina,ARG,1988,69.15
Argentina,ARG,1989,69.1
Argentina,ARG,1990,67.75
Argentina,ARG,1991,68.5
Argentina,ARG,1992,69.6
Argentina,ARG,1993,68.80000000000001
Argentina,ARG,1994,68.0
Argentina,ARG,1995,67.4
Argentina,ARG,1996,67.5
Argentina,ARG,1997,68.29999924
Argentina,ARG,1998,69.099998475
Argentina,ARG,1999,69.94999999999999
Argentina,ARG,2000,70.85
Argentina,ARG,2001,69.9
Argentina,ARG,2002,69.25
Argentina,ARG,2003,68.8
Argentina,ARG,2004,68.2
Argentina,ARG,2005,67.25
Argentina,ARG,2006,67.5
Argentina,ARG,2007,66.3
Argentina,ARG,2008,66.5
Argentina,ARG,2009,65.95
Argentina,ARG,2010,66.5
Argentina,ARG,2011,66.85
Argentina,ARG,2012,67.30000000000001
Argentina,ARG,2013,66.15
Argentina,ARG,2014,65.6
Argentina,ARG,2015,65.5
Argentina,ARG,2016,65.25
Argentina,ARG,2017,65.10000038
Argentina,ARG,2018,65.45000076
Australia,AUS,1970,66.30000000000001
Australia,AUS,1971,66.0
Australia,AUS,1972,65.80000000000001
Australia,AUS,1973,64.85
Australia,AUS,1974,64.8
Australia,AUS,1975,63.7
Australia,AUS,1976,64.05
Australia,AUS,1977,63.25
Australia,AUS,1978,62.75
Australia,AUS,1979,62.35
Australia,AUS,1980,62.05
Australia,AUS,1981,61.55
Australia,AUS,1982,61.4
Australia,AUS,1983,61.05
Australia,AUS,1984,60.8
Australia,AUS,1985,60.7
Australia,AUS,1986,61.05
Australia,AUS,1987,60.65
Australia,AUS,1988,60.85
Australia,AUS,1989,61.05
Australia,AUS,1990,61.45
Australia,AUS,1991,61.15
Australia,AUS,1992,61.25
Australia,AUS,1993,61.65
Australia,AUS,1994,60.900000000000006
Australia,AUS,1995,60.849999999999994
Australia,AUS,1996,60.55
Australia,AUS,1997,60.450000765
Australia,AUS,1998,60.25
Australia,AUS,1999,60.85
Australia,AUS,2000,60.8
Australia,AUS,2001,61.1
Australia,AUS,2002,61.75
Australia,AUS,2003,62.05
Australia,AUS,2004,61.7
Australia,AUS,2005,62.5
Australia,AUS,2006,63.0
Australia,AUS,2007,62.9
Australia,AUS,2008,62.55
Australia,AUS,2009,63.45
Australia,AUS,2010,63.6
Australia,AUS,2011,63.800000000000004
Australia,AUS,2012,63.75
Australia,AUS,2013,64.15
Australia,AUS,2014,63.85
Australia,AUS,2015,64.30000000000001
Australia,AUS,2016,64.4
Australia,AUS,2017,64.89999771000001
Australia,AUS,2018,64.80000305
Austria,AUT,1970,65.5
Austria,AUT,1971,65.4
Austria,AUT,1972,65.05
Austria,AUT,1973,65.45
Austria,AUT,1974,65.7
Austria,AUT,1975,65.80000000000001
Austria,AUT,1976,65.55
Austria,AUT,1977,65.30000000000001
Austria,AUT,1978,64.7
Austria,AUT,1979,64.1
Austria,AUT,1980,63.7
Austria,AUT,1981,62.95
Austria,AUT,1982,62.55
Austria,AUT,1983,62.349999999999994
Austria,AUT,1984,62.45
Austria,AUT,1985,61.95
Austria,AUT,1986,61.55
Austria,AUT,1987,61.7
Austria,AUT,1988,61.65
Austria,AUT,1989,61.650000000000006
Austria,AUT,1990,61.75
Austria,AUT,1991,61.6
Austria,AUT,1992,61.25
Austria,AUT,1993,60.95
Austria,AUT,1994,60.7
Austria,AUT,1995,60.25
Austria,AUT,1996,60.15
Austria,AUT,1997,60.29999924
Austria,AUT,1998,60.450000765
Austria,AUT,1999,60.05
Austria,AUT,2000,59.599999999999994
Austria,AUT,2001,58.9
Austria,AUT,2002,59.5
Austria,AUT,2003,59.6
Austria,AUT,2004,58.5
Austria,AUT,2005,58.25
Austria,AUT,2006,58.95
Austria,AUT,2007,58.05
Austria,AUT,2008,57.7
Austria,AUT,2009,58.0
Austria,AUT,2010,58.75
Austria,AUT,2011,59.2
Austria,AUT,2012,60.5
Austria,AUT,2013,61.0
Austria,AUT,2014,61.2
Austria,AUT,2015,61.05
Austria,AUT,2016,61.3
Austria,AUT,2017,62.049999235
Austria,AUT,2018,62.14999962
Belgium,BEL,1970,63.4
Belgium,BEL,1971,63.55
Belgium,BEL,1972,63.650000000000006
Belgium,BEL,1973,63.650000000000006
Belgium,BEL,1974,63.6
Belgium,BEL,1975,63.6
Belgium,BEL,1976,62.7
Belgium,BEL,1977,61.7
Belgium,BEL,1978,61.2
Belgium,BEL,1979,60.9
Belgium,BEL,1980,60.25
Belgium,BEL,1981,60.0
Belgium,BEL,1982,60.1
Belgium,BEL,1983,59.55
Belgium,BEL,1984,59.05
Belgium,BEL,1985,59.05
Belgium,BEL,1986,58.650000000000006
Belgium,BEL,1987,57.849999999999994
Belgium,BEL,1988,57.349999999999994
Belgium,BEL,1989,57.3
Belgium,BEL,1990,57.3
Belgium,BEL,1991,57.65
Belgium,BEL,1992,56.7
Belgium,BEL,1993,57.349999999999994
Belgium,BEL,1994,57.4
Belgium,BEL,1995,57.349999999999994
Belgium,BEL,1996,56.7
Belgium,BEL,1997,57.64999962
Belgium,BEL,1998,57.64999962
Belgium,BEL,1999,57.85
Belgium,BEL,2000,57.8
Belgium,BEL,2001,57.75
Belgium,BEL,2002,57.65
Belgium,BEL,2003,57.0
Belgium,BEL,2004,57.8
Belgium,BEL,2005,58.150000000000006
Belgium,BEL,2006,58.45
Belgium,BEL,2007,59.3
Belgium,BEL,2008,59.599999999999994
Belgium,BEL,2009,59.65
Belgium,BEL,2010,59.8
Belgium,BEL,2011,59.3
Belgium,BEL,2012,59.150000000000006
Belgium,BEL,2013,59.4
Belgium,BEL,2014,59.55
Belgium,BEL,2015,59.85
Belgium,BEL,2016,60.5
Belgium,BEL,2017,60.899999615
Belgium,BEL,2018,61.049999235
Brazil,BRA,1970,72.85
Brazil,BRA,1971,72.75
Brazil,BRA,1972,72.7
Brazil,BRA,1973,72.69999999999999
Brazil,BRA,1974,72.75
Brazil,BRA,1975,72.55000000000001
Brazil,BRA,1976,72.35
Brazil,BRA,1977,72.15
Brazil,BRA,1978,71.9
Brazil,BRA,1979,71.7
Brazil,BRA,1980,71.5
Brazil,BRA,1981,71.25
Brazil,BRA,1982,70.94999999999999
Brazil,BRA,1983,70.69999999999999
Brazil,BRA,1984,70.45
Brazil,BRA,1985,70.2
Brazil,BRA,1986,69.3
Brazil,BRA,1987,70.45
Brazil,BRA,1988,69.75
Brazil,BRA,1989,68.95
Brazil,BRA,1990,68.69999999999999
Brazil,BRA,1991,67.9
Brazil,BRA,1992,66.5
Brazil,BRA,1993,65.75
Brazil,BRA,1994,66.55
Brazil,BRA,1995,66.65
Brazil,BRA,1996,65.4
Brazil,BRA,1997,65.60000228999999
Brazil,BRA,1998,65.100000385
Brazil,BRA,1999,65.35
Brazil,BRA,2000,64.75
Brazil,BRA,2001,65.35
Brazil,BRA,2002,65.55
Brazil,BRA,2003,66.3
Brazil,BRA,2004,65.94999999999999
Brazil,BRA,2005,66.15
Brazil,BRA,2006,66.5
Brazil,BRA,2007,65.55
Brazil,BRA,2008,65.7
Brazil,BRA,2009,65.6
Brazil,BRA,2010,65.65
Brazil,BRA,2011,65.35
Brazil,BRA,2012,65.05000000000001
Brazil,BRA,2013,65.3
Brazil,BRA,2014,64.75
Brazil,BRA,2015,64.9
Brazil,BRA,2016,65.6
Brazil,BRA,2017,64.899999615
Brazil,BRA,2018,64.949998855
Bulgaria,BGR,1970,63.0
Bulgaria,BGR,1971,62.650000000000006
Bulgaria,BGR,1972,62.3
Bulgaria,BGR,1973,62.0
Bulgaria,BGR,1974,61.65
Bulgaria,BGR,1975,61.4
Bulgaria,BGR,1976,61.0
Bulgaria,BGR,1977,60.55
Bulgaria,BGR,1978,60.15
Bulgaria,BGR,1979,59.65
Bulgaria,BGR,1980,59.15
Bulgaria,BGR,1981,59.25
Bulgaria,BGR,1982,59.3
Bulgaria,BGR,1983,59.35
Bulgaria,BGR,1984,59.5
Bulgaria,BGR,1985,59.55
Bulgaria,BGR,1986,59.7
Bulgaria,BGR,1987,59.8
Bulgaria,BGR,1988,59.9
Bulgaria,BGR,1989,59.95
Bulgaria,BGR,1990,60.0
Bulgaria,BGR,1991,59.5
Bulgaria,BGR,1992,58.95
Bulgaria,BGR,1993,58.4
Bulgaria,BGR,1994,57.849999999999994
Bulgaria,BGR,1995,57.349999999999994
Bulgaria,BGR,1996,56.75
Bulgaria,BGR,1997,56.200000765
Bulgaria,BGR,1998,56.299999235
Bulgaria,BGR,1999,56.35
Bulgaria,BGR,2000,56.45
Bulgaria,BGR,2001,56.75
Bulgaria,BGR,2002,56.5
Bulgaria,BGR,2003,55.75
Bulgaria,BGR,2004,56.5
Bulgaria,BGR,2005,57.4
Bulgaria,BGR,2006,58.3
Bulgaria,BGR,2007,60.8
Bulgaria,BGR,2008,63.25
Bulgaria,BGR,2009,62.400000000000006
Bulgaria,BGR,2010,61.7
Bulgaria,BGR,2011,61.0
Bulgaria,BGR,2012,60.25
Bulgaria,BGR,2013,60.95
Bulgaria,BGR,2014,61.25
Bulgaria,BGR,2015,61.75
Bulgaria,BGR,2016,61.900000000000006
Bulgaria,BGR,2017,62.549999235
Bulgaria,BGR,2018,63.04999924
Canada,CAN,1970,66.15
Canada,CAN,1971,66.1
Canada,CAN,1972,65.94999999999999
Canada,CAN,1973,65.65
Canada,CAN,1974,65.4
Canada,CAN,1975,65.2
Canada,CAN,1976,65.05000000000001
Canada,CAN,1977,64.65
Canada,CAN,1978,64.45
Canada,CAN,1979,64.69999999999999
Canada,CAN,1980,64.5
Canada,CAN,1981,64.25
Canada,CAN,1982,64.0
Canada,CAN,1983,64.0
Canada,CAN,1984,63.2
Canada,CAN,1985,63.3
Canada,CAN,1986,63.05
Canada,CAN,1987,63.2
Canada,CAN,1988,63.0
Canada,CAN,1989,63.3
Canada,CAN,1990,62.5
Canada,CAN,1991,62.5
Canada,CAN,1992,62.15
Canada,CAN,1993,61.8
Canada,CAN,1994,61.5
Canada,CAN,1995,61.35
Canada,CAN,1996,61.0
Canada,CAN,1997,61.14999962
Canada,CAN,1998,61.20000076
Canada,CAN,1999,61.75
Canada,CAN,2000,61.75
Canada,CAN,2001,62.0
Canada,CAN,2002,62.35
Canada,CAN,2003,63.0
Canada,CAN,2004,62.65
Canada,CAN,2005,62.55
Canada,CAN,2006,62.599999999999994
Canada,CAN,2007,62.65
Canada,CAN,2008,62.6
Canada,CAN,2009,62.75
Canada,CAN,2010,62.849999999999994
Canada,CAN,2011,63.3
Canada,CAN,2012,63.3
Canada,CAN,2013,63.55
Canada,CAN,2014,63.55
Canada,CAN,2015,64.15
Canada,CAN,2016,64.55
Canada,CAN,2017,64.799999235
Canada,CAN,2018,64.75
Chile,CHL,1970,68.35
Chile,CHL,1971,68.7
Chile,CHL,1972,69.15
Chile,CHL,1973,69.6
Chile,CHL,1974,70.0
Chile,CHL,1975,70.5
Chile,CHL,1976,70.15
Chile,CHL,1977,69.65
Chile,CHL,1978,69.1
Chile,CHL,1979,68.6
Chile,CHL,1980,68.1
Chile,CHL,1981,67.1
Chile,CHL,1982,65.9
Chile,CHL,1983,66.45
Chile,CHL,1984,66.3
Chile,CHL,1985,67.05000000000001
Chile,CHL,1986,66.5
Chile,CHL,1987,70.2
Chile,CHL,1988,68.7
Chile,CHL,1989,69.95
Chile,CHL,1990,69.4
Chile,CHL,1991,66.1
Chile,CHL,1992,66.0
Chile,CHL,1993,67.6
Chile,CHL,1994,67.9
Chile,CHL,1995,65.75
Chile,CHL,1996,66.65
Chile,CHL,1997,67.549999235
Chile,CHL,1998,67.900001525
Chile,CHL,1999,67.75
Chile,CHL,2000,68.65
Chile,CHL,2001,67.55000000000001
Chile,CHL,2002,66.3
Chile,CHL,2003,66.7
Chile,CHL,2004,66.3
Chile,CHL,2005,67.25
Chile,CHL,2006,68.15
Chile,CHL,2007,69.5
Chile,CHL,2008,68.7
Chile,CHL,2009,68.9
Chile,CHL,2010,68.5
Chile,CHL,2011,68.80000000000001
Chile,CHL,2012,69.35
Chile,CHL,2013,68.65
Chile,CHL,2014,68.95
Chile,CHL,2015,69.2
Chile,CHL,2016,68.9
Chile,CHL,2017,68.14999771000001
Chile,CHL,2018,68.349998475
China,CHN,1987,61.55
China,CHN,1988,61.85
China,CHN,1989,62.15
China,CHN,1990,62.45
China,CHN,1991,62.25
China,CHN,1992,62.0
China,CHN,1993,61.8
China,CHN,1994,61.65
China,CHN,1995,61.45
China,CHN,1996,61.7
China,CHN,1997,61.950000765
China,CHN,1998,62.200000765
China,CHN,1999,62.45
China,CHN,2000,62.75
China,CHN,2001,63.199999999999996
China,CHN,2002,63.7
China,CHN,2003,64.05000000000001
China,CHN,2004,64.35
China,CHN,2005,64.6
China,CHN,2006,64.6
China,CHN,2007,64.55
China,CHN,2008,64.5
China,CHN,2009,64.5
China,CHN,2010,64.4
Croatia,HRV,1995,59.65
Croatia,HRV,1996,59.55
Croatia,HRV,1997,59.5
Croatia,HRV,1998,59.449998855000004
Croatia,HRV,1999,59.55
Croatia,HRV,2000,59.599999999999994
Croatia,HRV,2001,59.7
Croatia,HRV,2002,59.7
Croatia,HRV,2003,59.7
Croatia,HRV,2004,60.099999999999994
Croatia,HRV,2005,59.55
Croatia,HRV,2006,58.9
Croatia,HRV,2007,59.25
Croatia,HRV,2008,60.45
Croatia,HRV,2009,60.0
Croatia,HRV,2010,60.05
Croatia,HRV,2011,60.3
Croatia,HRV,2012,60.45
Croatia,HRV,2013,60.45
Croatia,HRV,2014,61.8
Croatia,HRV,2015,62.4
Croatia,HRV,2016,61.900000000000006
Croatia,HRV,2017,61.85000038
Croatia,HRV,2018,61.399999615
Cyprus,CYP,1981,70.15
Cyprus,CYP,1982,70.2
Cyprus,CYP,1983,70.3
Cyprus,CYP,1984,70.4
Cyprus,CYP,1985,70.5
Cyprus,CYP,1986,70.6
Cyprus,CYP,1987,70.7
Cyprus,CYP,1988,70.80000000000001
Cyprus,CYP,1989,67.65
Cyprus,CYP,1990,67.25
Cyprus,CYP,1991,67.8
Cyprus,CYP,1992,65.5
Cyprus,CYP,1993,65.1
Cyprus,CYP,1994,64.25
Cyprus,CYP,1995,64.4
Cyprus,CYP,1996,64.0
Cyprus,CYP,1997,63.650001525
Cyprus,CYP,1998,63.0
Cyprus,CYP,1999,62.199999999999996
Cyprus,CYP,2000,63.05
Cyprus,CYP,2001,64.2
Cyprus,CYP,2002,63.75
Cyprus,CYP,2003,63.55
Cyprus,CYP,2004,63.699999999999996
Cyprus,CYP,2005,64.1
Cyprus,CYP,2006,63.400000000000006
Cyprus,CYP,2007,64.80000000000001
Cyprus,CYP,2008,64.7
Cyprus,CYP,2009,63.45
Cyprus,CYP,2010,63.35
Cyprus,CYP,2011,63.15
Cyprus,CYP,2012,63.550000000000004
Cyprus,CYP,2013,64.15
Cyprus,CYP,2014,64.35
Cyprus,CYP,2015,64.65
Cyprus,CYP,2016,64.19999999999999
Cyprus,CYP,2017,63.450000765
Cyprus,CYP,2018,63.65000153
Czechia,CZE,1996,59.9
Czechia,CZE,1997,60.049999235
Czechia,CZE,1998,60.049999235
Czechia,CZE,1999,59.900000000000006
Czechia,CZE,2000,59.8
Czechia,CZE,2001,60.05
Czechia,CZE,2002,60.0
Czechia,CZE,2003,60.05
Czechia,CZE,2004,59.849999999999994
Czechia,CZE,2005,59.95
Czechia,CZE,2006,60.0
Czechia,CZE,2007,60.3
Czechia,CZE,2008,60.7
Czechia,CZE,2009,60.5
Czechia,CZE,2010,60.599999999999994
Czechia,CZE,2011,60.85
Czechia,CZE,2012,61.45
Czechia,CZE,2013,61.65
Czechia,CZE,2014,61.9
Czechia,CZE,2015,61.900000000000006
Czechia,CZE,2016,61.65
Czechia,CZE,2017,61.800001144999996
Czechia,CZE,2018,62.25
Denmark,DNK,1970,67.15
Denmark,DNK,1971,66.75
Denmark,DNK,1972,66.45
Denmark,DNK,1973,66.1
Denmark,DNK,1974,65.7
Denmark,DNK,1975,65.35
Denmark,DNK,1976,65.30000000000001
Denmark,DNK,1977,65.19999999999999
Denmark,DNK,1978,65.05000000000001
Denmark,DNK,1979,64.95
Denmark,DNK,1980,64.9
Denmark,DNK,1981,64.80000000000001
Denmark,DNK,1982,65.2
Denmark,DNK,1983,65.05
Denmark,DNK,1984,64.4
Denmark,DNK,1985,64.85
Denmark,DNK,1986,65.45
Denmark,DNK,1987,63.4
Denmark,DNK,1988,62.9
Denmark,DNK,1989,63.85
Denmark,DNK,1990,63.650000000000006
Denmark,DNK,1991,63.3
Denmark,DNK,1992,62.85
Denmark,DNK,1993,61.85
Denmark,DNK,1994,60.9
Denmark,DNK,1995,61.099999999999994
Denmark,DNK,1996,60.7
Denmark,DNK,1997,60.949998855000004
Denmark,DNK,1998,61.10000038
Denmark,DNK,1999,61.85
Denmark,DNK,2000,61.599999999999994
Denmark,DNK,2001,61.95
Denmark,DNK,2002,62.3
Denmark,DNK,2003,63.099999999999994
Denmark,DNK,2004,62.25
Denmark,DNK,2005,62.55
Denmark,DNK,2006,63.099999999999994
Denmark,DNK,2007,62.7
Denmark,DNK,2008,63.15
Denmark,DNK,2009,63.4
Denmark,DNK,2010,62.9
Denmark,DNK,2011,62.45
Denmark,DNK,2012,62.599999999999994
Denmark,DNK,2013,61.95
Denmark,DNK,2014,61.8
Denmark,DNK,2015,62.650000000000006
Denmark,DNK,2016,63.3
Denmark,DNK,2017,63.649999615
Denmark,DNK,2018,63.799999235
Estonia,EST,1970,66.05
Estonia,EST,1971,65.65
Estonia,EST,1972,65.15
Estonia,EST,1973,64.55000000000001
Estonia,EST,1974,63.95
Estonia,EST,1975,63.25
Estonia,EST,1976,63.25
Estonia,EST,1977,63.2
Estonia,EST,1978,63.15
Estonia,EST,1979,63.1
Estonia,EST,1980,63.05
Estonia,EST,1981,63.0
Estonia,EST,1982,62.95
Estonia,EST,1983,62.85
Estonia,EST,1984,62.75
Estonia,EST,1985,63.0
Estonia,EST,1986,63.3
Estonia,EST,1987,63.6
Estonia,EST,1988,63.95
Estonia,EST,1989,64.25
Estonia,EST,1990,64.7
Estonia,EST,1991,64.55
Estonia,EST,1992,63.849999999999994
Estonia,EST,1993,63.95
Estonia,EST,1994,64.15
Estonia,EST,1995,63.9
Estonia,EST,1996,63.7
Estonia,EST,1997,63.85000038
Estonia,EST,1998,62.700000765
Estonia,EST,1999,62.05
Estonia,EST,2000,59.45
Estonia,EST,2001,60.2
Estonia,EST,2002,59.6
Estonia,EST,2003,59.349999999999994
Estonia,EST,2004,60.1
Estonia,EST,2005,62.7
Estonia,EST,2006,64.4
Estonia,EST,2007,64.6
Estonia,EST,2008,65.44999999999999
Estonia,EST,2009,65.9
Estonia,EST,2010,64.6
Estonia,EST,2011,63.6
Estonia,EST,2012,63.15
Estonia,EST,2013,63.55
Estonia,EST,2014,63.3
Estonia,EST,2015,63.900000000000006
Estonia,EST,2016,65.05
Estonia,EST,2017,65.5
Estonia,EST,2018,65.599998475
Europe average,,1970,67.05000000000001
Europe average,,1971,66.7
Europe average,,1972,66.4
Europe average,,1973,66.19999999999999
Europe average,,1974,65.85
Europe average,,1975,65.6
Europe average,,1976,65.25
Europe average,,1977,64.95
Europe average,,1978,64.55
Europe average,,1979,64.1
Europe average,,1980,63.949999999999996
Europe average,,1981,63.6
Europe average,,1982,63.300000000000004
Europe average,,1983,62.95
Europe average,,1984,62.75
Europe average,,1985,62.65
Europe average,,1986,62.5
Europe average,,1987,62.3
Europe average,,1988,62.0
Europe average,,1989,61.900000000000006
Europe average,,1990,61.8
Europe average,,1991,61.599999999999994
Europe average,,1992,61.2
Europe average,,1993,61.2
Europe average,,1994,61.0
Europe average,,1995,60.85
Europe average,,1996,60.6
Europe average,,1997,60.5
Europe average,,1998,60.39999962
Europe average,,1999,60.5
Europe average,,2000,60.55
Europe average,,2001,60.5
Europe average,,2002,60.7
Europe average,,2003,60.7
Europe average,,2004,60.75
Europe average,,2005,61.099999999999994
Europe average,,2006,61.25
Europe average,,2007,61.45
Europe average,,2008,61.75
Europe average,,2009,61.55
Europe average,,2010,61.65
Europe average,,2011,61.65
Europe average,,2012,62.05
Europe average,,2013,62.2
Europe average,,2014,62.349999999999994
Europe average,,2015,62.35
Europe average,,2016,62.65
Europe average,,2017,62.84999847
Europe average,,2018,63.14999962
Finland,FIN,1970,63.95
Finland,FIN,1971,63.199999999999996
Finland,FIN,1972,63.5
Finland,FIN,1973,64.05
Finland,FIN,1974,64.25
Finland,FIN,1975,64.9
Finland,FIN,1976,64.4
Finland,FIN,1977,64.6
Finland,FIN,1978,64.35
Finland,FIN,1979,63.8
Finland,FIN,1980,64.30000000000001
Finland,FIN,1981,64.7
Finland,FIN,1982,63.800000000000004
Finland,FIN,1983,62.95
Finland,FIN,1984,63.150000000000006
Finland,FIN,1985,62.5
Finland,FIN,1986,61.95
Finland,FIN,1987,61.400000000000006
Finland,FIN,1988,61.05
Finland,FIN,1989,60.8
Finland,FIN,1990,60.45
Finland,FIN,1991,59.900000000000006
Finland,FIN,1992,59.849999999999994
Finland,FIN,1993,60.35
Finland,FIN,1994,60.45
Finland,FIN,1995,60.400000000000006
Finland,FIN,1996,60.8
Finland,FIN,1997,59.700000765
Finland,FIN,1998,59.799999235
Finland,FIN,1999,59.45
Finland,FIN,2000,60.0
Finland,FIN,2001,60.3
Finland,FIN,2002,60.4
Finland,FIN,2003,59.8
Finland,FIN,2004,60.099999999999994
Finland,FIN,2005,60.25
Finland,FIN,2006,60.25
Finland,FIN,2007,60.45
Finland,FIN,2008,61.1
Finland,FIN,2009,61.55
Finland,FIN,2010,61.7
Finland,FIN,2011,62.05
Finland,FIN,2012,62.45
Finland,FIN,2013,62.35
Finland,FIN,2014,62.15
Finland,FIN,2015,62.55
Finland,FIN,2016,62.900000000000006
Finland,FIN,2017,63.449998855000004
Finland,FIN,2018,63.85000229
France,FRA,1970,68.35
France,FRA,1971,67.05000000000001
France,FRA,1972,66.65
France,FRA,1973,65.9
France,FRA,1974,65.75
France,FRA,1975,65.3
France,FRA,1976,64.85
France,FRA,1977,64.7
France,FRA,1978,63.95
France,FRA,1979,63.7
France,FRA,1980,63.75
France,FRA,1981,63.5
France,FRA,1982,62.7
France,FRA,1983,62.05
France,FRA,1984,61.5
France,FRA,1985,61.2
France,FRA,1986,61.05
France,FRA,1987,60.6
France,FRA,1988,60.3
France,FRA,1989,60.15
France,FRA,1990,60.15
France,FRA,1991,59.95
France,FRA,1992,60.05
France,FRA,1993,59.95
France,FRA,1994,60.0
France,FRA,1995,59.8
France,FRA,1996,59.75
France,FRA,1997,59.5
France,FRA,1998,59.39999962
France,FRA,1999,59.15
France,FRA,2000,58.8
France,FRA,2001,58.7
France,FRA,2002,58.599999999999994
France,FRA,2003,58.8
France,FRA,2004,58.95
France,FRA,2005,59.05
France,FRA,2006,59.0
France,FRA,2007,59.2
France,FRA,2008,59.25
France,FRA,2009,59.3
France,FRA,2010,59.4
France,FRA,2011,59.2
France,FRA,2012,59.8
France,FRA,2013,59.7
France,FRA,2014,59.65
France,FRA,2015,59.7
France,FRA,2016,60.15
France,FRA,2017,60.549999235
France,FRA,2018,60.79999924
Germany,DEU,1970,65.35
Germany,DEU,1971,64.9
Germany,DEU,1972,64.6
Germany,DEU,1973,64.45
Germany,DEU,1974,64.3
Germany,DEU,1975,64.2
Germany,DEU,1976,64.0
Germany,DEU,1977,63.45
Germany,DEU,1978,62.849999999999994
Germany,DEU,1979,62.4
Germany,DEU,1980,62.0
Germany,DEU,1981,61.95
Germany,DEU,1982,61.7
Germany,DEU,1983,61.45
Germany,DEU,1984,61.55
Germany,DEU,1985,61.3
Germany,DEU,1986,61.05
Germany,DEU,1987,60.95
Germany,DEU,1988,60.95
Germany,DEU,1989,61.05
Germany,DEU,1990,61.5
Germany,DEU,1991,61.2
Germany,DEU,1992,61.3
Germany,DEU,1993,61.099999999999994
Germany,DEU,1994,60.6
Germany,DEU,1995,59.85
Germany,DEU,1996,59.65
Germany,DEU,1997,60.09999847
Germany,DEU,1998,60.35000038
Germany,DEU,1999,60.45
Germany,DEU,2000,60.65
Germany,DEU,2001,60.7
Germany,DEU,2002,60.6
Germany,DEU,2003,60.7
Germany,DEU,2004,60.95
Germany,DEU,2005,61.25
Germany,DEU,2006,61.3
Germany,DEU,2007,61.4
Germany,DEU,2008,60.7
Germany,DEU,2009,61.15
Germany,DEU,2010,61.6
Germany,DEU,2011,61.75
Germany,DEU,2012,61.900000000000006
Germany,DEU,2013,62.3
Germany,DEU,2014,62.7
Germany,DEU,2015,62.75
Germany,DEU,2016,63.25
Germany,DEU,2017,63.5
Germany,DEU,2018,63.799999235
Greece,GRC,1970,65.94999999999999
Greece,GRC,1971,65.85
Greece,GRC,1972,65.75
Greece,GRC,1973,65.65
Greece,GRC,1974,65.55000000000001
Greece,GRC,1975,65.4
Greece,GRC,1976,65.35
Greece,GRC,1977,65.1
Greece,GRC,1978,64.85
Greece,GRC,1979,64.65
Greece,GRC,1980,64.45
Greece,GRC,1981,64.25
Greece,GRC,1982,64.15
Greece,GRC,1983,64.0
Greece,GRC,1984,64.35
Greece,GRC,1985,65.15
Greece,GRC,1986,64.7
Greece,GRC,1987,64.5
Greece,GRC,1988,64.85
Greece,GRC,1989,64.0
Greece,GRC,1990,62.3
Greece,GRC,1991,62.0
Greece,GRC,1992,62.1
Greece,GRC,1993,62.150000000000006
Greece,GRC,1994,61.4
Greece,GRC,1995,62.0
Greece,GRC,1996,63.45
Greece,GRC,1997,62.600000385
Greece,GRC,1998,62.09999847
Greece,GRC,1999,62.9
Greece,GRC,2000,62.95
Greece,GRC,2001,62.150000000000006
Greece,GRC,2002,61.75
Greece,GRC,2003,62.2
Greece,GRC,2004,61.95
Greece,GRC,2005,61.8
Greece,GRC,2006,61.85
Greece,GRC,2007,61.85
Greece,GRC,2008,61.25
Greece,GRC,2009,60.75
Greece,GRC,2010,61.099999999999994
Greece,GRC,2011,60.849999999999994
Greece,GRC,2012,61.099999999999994
Greece,GRC,2013,61.0
Greece,GRC,2014,60.8
Greece,GRC,2015,60.849999999999994
Greece,GRC,2016,61.1
Greece,GRC,2017,60.700000765
Greece,GRC,2018,60.85000038
Hungary,HUN,1970,68.75
Hungary,HUN,1971,67.85
Hungary,HUN,1972,66.94999999999999
Hungary,HUN,1973,66.15
Hungary,HUN,1974,65.35
Hungary,HUN,1975,64.65
Hungary,HUN,1976,64.4
Hungary,HUN,1977,64.2
Hungary,HUN,1978,63.949999999999996
Hungary,HUN,1979,63.7
Hungary,HUN,1980,63.5
Hungary,HUN,1981,63.2
Hungary,HUN,1982,62.9
Hungary,HUN,1983,62.55
Hungary,HUN,1984,62.25
Hungary,HUN,1985,61.9
Hungary,HUN,1986,61.75
Hungary,HUN,1987,61.55
Hungary,HUN,1988,61.400000000000006
Hungary,HUN,1989,61.25
Hungary,HUN,1990,61.1
Hungary,HUN,1991,60.8
Hungary,HUN,1992,60.55
Hungary,HUN,1993,60.0
Hungary,HUN,1994,59.7
Hungary,HUN,1995,59.6
Hungary,HUN,1996,58.55
Hungary,HUN,1997,57.5
Hungary,HUN,1998,56.89999962
Hungary,HUN,1999,57.25
Hungary,HUN,2000,57.05
Hungary,HUN,2001,56.8
Hungary,HUN,2002,56.9
Hungary,HUN,2003,57.4
Hungary,HUN,2004,56.7
Hungary,HUN,2005,58.099999999999994
Hungary,HUN,2006,58.7
Hungary,HUN,2007,58.900000000000006
Hungary,HUN,2008,58.95
Hungary,HUN,2009,59.4
Hungary,HUN,2010,59.5
Hungary,HUN,2011,59.55
Hungary,HUN,2012,60.150000000000006
Hungary,HUN,2013,60.55
Hungary,HUN,2014,61.35
Hungary,HUN,2015,61.55
Hungary,HUN,2016,62.150000000000006
Hungary,HUN,2017,61.75
Hungary,HUN,2018,61.700000765
Iceland,ISL,1980,70.35
Iceland,ISL,1981,70.44999999999999
Iceland,ISL,1982,70.6
Iceland,ISL,1983,70.4
Iceland,ISL,1984,69.44999999999999
Iceland,ISL,1985,70.0
Iceland,ISL,1986,70.5
Iceland,ISL,1987,70.75
Iceland,ISL,1988,70.8
Iceland,ISL,1989,70.94999999999999
Iceland,ISL,1990,71.1
Iceland,ISL,1991,71.35
Iceland,ISL,1992,71.05
Iceland,ISL,1993,70.85
Iceland,ISL,1994,70.3
Iceland,ISL,1995,70.2
Iceland,ISL,1996,69.15
Iceland,ISL,1997,69.64999771000001
Iceland,ISL,1998,69.549999235
Iceland,ISL,1999,69.05
Iceland,ISL,2000,68.35
Iceland,ISL,2001,67.85
Iceland,ISL,2002,68.3
Iceland,ISL,2003,67.25
Iceland,ISL,2004,66.45
Iceland,ISL,2005,66.75
Iceland,ISL,2006,67.7
Iceland,ISL,2007,67.5
Iceland,ISL,2008,67.3
Iceland,ISL,2009,67.55000000000001
Iceland,ISL,2010,67.4
Iceland,ISL,2011,66.95
Iceland,ISL,2012,67.7
Iceland,ISL,2013,68.6
Iceland,ISL,2014,68.7
Iceland,ISL,2015,69.19999999999999
Iceland,ISL,2016,68.5
Iceland,ISL,2017,68.20000076
Iceland,ISL,2018,67.0
India,IND,1988,68.9
India,IND,1989,69.3
India,IND,1990,69.95
India,IND,1991,70.45
India,IND,1992,71.1
India,IND,1993,71.75
India,IND,1994,71.9
India,IND,1995,68.1
India,IND,1996,68.4
India,IND,1997,67.10000038
India,IND,1998,67.0
India,IND,1999,67.1
India,IND,2000,71.3
India,IND,2001,68.85
India,IND,2002,69.80000000000001
India,IND,2003,71.95
India,IND,2004,68.95
India,IND,2005,69.15
India,IND,2006,69.35
India,IND,2007,69.1
India,IND,2008,69.4
India,IND,2009,68.3
India,IND,2010,67.15
India,IND,2011,66.25
India,IND,2012,65.8
India,IND,2013,65.95
India,IND,2014,65.5
India,IND,2015,65.2
India,IND,2016,65.65
India,IND,2017,66.25
India,IND,2018,66.050001145
Indonesia,IDN,1987,74.25
Indonesia,IDN,1988,74.9
Indonesia,IDN,1989,74.25
Indonesia,IDN,1990,74.2
Indonesia,IDN,1991,70.95
Indonesia,IDN,1992,70.35
Indonesia,IDN,1993,70.35
Indonesia,IDN,1994,70.69999999999999
Indonesia,IDN,1995,71.3
Indonesia,IDN,1996,71.85
Indonesia,IDN,1997,72.450000765
Indonesia,IDN,1998,73.700000765
Indonesia,IDN,1999,73.05
Indonesia,IDN,2000,74.75
Indonesia,IDN,2001,74.44999999999999
Indonesia,IDN,2002,73.3
Indonesia,IDN,2003,70.7
Indonesia,IDN,2004,72.05
Indonesia,IDN,2005,72.4
Indonesia,IDN,2006,72.69999999999999
Indonesia,IDN,2007,71.75
Indonesia,IDN,2008,72.55000000000001
Indonesia,IDN,2009,73.4
Indonesia,IDN,2010,73.85
Indonesia,IDN,2011,73.6
Indonesia,IDN,2012,74.45
Indonesia,IDN,2013,74.30000000000001
Indonesia,IDN,2014,74.15
Indonesia,IDN,2015,73.55
Indonesia,IDN,2016,72.35
Indonesia,IDN,2017,72.400001525
Indonesia,IDN,2018,72.5
Ireland,IRL,1970,73.85
Ireland,IRL,1971,73.75
Ireland,IRL,1972,73.0
Ireland,IRL,1973,72.45
Ireland,IRL,1974,71.94999999999999
Ireland,IRL,1975,71.55
Ireland,IRL,1976,71.2
Ireland,IRL,1977,70.65
Ireland,IRL,1978,70.15
Ireland,IRL,1979,69.6
Ireland,IRL,1980,69.1
Ireland,IRL,1981,68.65
Ireland,IRL,1982,68.25
Ireland,IRL,1983,67.94999999999999
Ireland,IRL,1984,67.1
Ireland,IRL,1985,66.8
Ireland,IRL,1986,65.65
Ireland,IRL,1987,65.7
Ireland,IRL,1988,64.15
Ireland,IRL,1989,63.650000000000006
Ireland,IRL,1990,63.9
Ireland,IRL,1991,65.05000000000001
Ireland,IRL,1992,63.3
Ireland,IRL,1993,64.30000000000001
Ireland,IRL,1994,64.8
Ireland,IRL,1995,63.85
Ireland,IRL,1996,64.15
Ireland,IRL,1997,64.40000153
Ireland,IRL,1998,64.25
Ireland,IRL,1999,65.05
Ireland,IRL,2000,65.6
Ireland,IRL,2001,65.2
Ireland,IRL,2002,65.65
Ireland,IRL,2003,65.3
Ireland,IRL,2004,65.0
Ireland,IRL,2005,65.35
Ireland,IRL,2006,65.3
Ireland,IRL,2007,65.15
Ireland,IRL,2008,64.80000000000001
Ireland,IRL,2009,63.599999999999994
Ireland,IRL,2010,63.5
Ireland,IRL,2011,63.45
Ireland,IRL,2012,63.3
Ireland,IRL,2013,64.15
Ireland,IRL,2014,64.2
Ireland,IRL,2015,64.85
Ireland,IRL,2016,64.9
Ireland,IRL,2017,65.09999847
Ireland,IRL,2018,64.84999847
Israel,ISR,1990,65.5
Israel,ISR,1991,67.25
Israel,ISR,1992,66.19999999999999
Israel,ISR,1993,65.85
Israel,ISR,1994,65.25
Israel,ISR,1995,65.45
Israel,ISR,1996,64.35
Israel,ISR,1997,63.950000765
Israel,ISR,1998,64.45000076
Israel,ISR,1999,65.2
Israel,ISR,2000,65.19999999999999
Israel,ISR,2001,64.9
Israel,ISR,2002,65.05
Israel,ISR,2003,64.35
Israel,ISR,2004,63.65
Israel,ISR,2005,63.6
Israel,ISR,2006,64.45
Israel,ISR,2007,64.55
Israel,ISR,2008,64.69999999999999
Israel,ISR,2009,65.4
Israel,ISR,2010,66.3
Israel,ISR,2011,65.4
Israel,ISR,2012,65.95
Israel,ISR,2013,67.2
Israel,ISR,2014,67.1
Israel,ISR,2015,67.35
Israel,ISR,2016,67.9
Israel,ISR,2017,67.79999924
Israel,ISR,2018,67.700000765
Italy,ITA,1970,63.35
Italy,ITA,1971,63.5
Italy,ITA,1972,63.1
Italy,ITA,1973,62.85
Italy,ITA,1974,62.4
Italy,ITA,1975,62.3
Italy,ITA,1976,62.25
Italy,ITA,1977,62.25
Italy,ITA,1978,62.15
Italy,ITA,1979,61.9
Italy,ITA,1980,61.9
Italy,ITA,1981,61.8
Italy,ITA,1982,62.75
Italy,ITA,1983,62.3
Italy,ITA,1984,62.25
Italy,ITA,1985,62.0
Italy,ITA,1986,61.8
Italy,ITA,1987,61.8
Italy,ITA,1988,61.25
Italy,ITA,1989,60.55
Italy,ITA,1990,60.5
Italy,ITA,1991,60.45
Italy,ITA,1992,59.650000000000006
Italy,ITA,1993,60.2
Italy,ITA,1994,59.650000000000006
Italy,ITA,1995,59.400000000000006
Italy,ITA,1996,59.7
Italy,ITA,1997,59.5
Italy,ITA,1998,59.14999962
Italy,ITA,1999,59.150000000000006
Italy,ITA,2000,59.4
Italy,ITA,2001,59.65
Italy,ITA,2002,60.8
Italy,ITA,2003,60.55
Italy,ITA,2004,60.4
Italy,ITA,2005,60.25
Italy,ITA,2006,60.35
Italy,ITA,2007,60.3
Italy,ITA,2008,59.75
Italy,ITA,2009,59.75
Italy,ITA,2010,59.8
Italy,ITA,2011,60.05
Italy,ITA,2012,60.900000000000006
Italy,ITA,2013,60.849999999999994
Italy,ITA,2014,61.25
Italy,ITA,2015,61.2
Italy,ITA,2016,61.7
Italy,ITA,2017,61.700000765
Italy,ITA,2018,62.39999962
Japan,JPN,1970,70.6
Japan,JPN,1971,70.15
Japan,JPN,1972,69.8
Japan,JPN,1973,69.75
Japan,JPN,1974,69.4
Japan,JPN,1975,69.25
Japan,JPN,1976,69.0
Japan,JPN,1977,68.85
Japan,JPN,1978,68.85
Japan,JPN,1979,68.8
Japan,JPN,1980,68.8
Japan,JPN,1981,68.35
Japan,JPN,1982,68.4
Japan,JPN,1983,68.30000000000001
Japan,JPN,1984,68.0
Japan,JPN,1985,67.9
Japan,JPN,1986,68.0
Japan,JPN,1987,67.9
Japan,JPN,1988,68.0
Japan,JPN,1989,68.25
Japan,JPN,1990,68.5
Japan,JPN,1991,69.1
Japan,JPN,1992,69.4
Japan,JPN,1993,69.35
Japan,JPN,1994,68.85
Japan,JPN,1995,68.6
Japan,JPN,1996,68.45
Japan,JPN,1997,68.39999771000001
Japan,JPN,1998,68.04999924
Japan,JPN,1999,68.19999999999999
Japan,JPN,2000,68.15
Japan,JPN,2001,67.85
Japan,JPN,2002,67.69999999999999
Japan,JPN,2003,67.80000000000001
Japan,JPN,2004,67.8
Japan,JPN,2005,67.80000000000001
Japan,JPN,2006,67.85
Japan,JPN,2007,68.0
Japan,JPN,2008,68.25
Japan,JPN,2009,68.5
Japan,JPN,2010,68.55
Japan,JPN,2011,68.05000000000001
Japan,JPN,2012,67.95
Japan,JPN,2013,68.35
Japan,JPN,2014,68.44999999999999
Japan,JPN,2015,68.7
Japan,JPN,2016,69.44999999999999
Japan,JPN,2017,69.95000076
Japan,JPN,2018,69.95000076
Latvia,LVA,1994,61.75
Latvia,LVA,1995,61.349999999999994
Latvia,LVA,1996,61.0
Latvia,LVA,1997,60.64999962
Latvia,LVA,1998,61.200000765
Latvia,LVA,1999,60.8
Latvia,LVA,2000,60.900000000000006
Latvia,LVA,2001,61.55
Latvia,LVA,2002,62.8
Latvia,LVA,2003,61.05
Latvia,LVA,2004,61.849999999999994
Latvia,LVA,2005,61.8
Latvia,LVA,2006,61.4
Latvia,LVA,2007,63.349999999999994
Latvia,LVA,2008,63.45
Latvia,LVA,2009,63.55
Latvia,LVA,2010,64.05
Latvia,LVA,2011,64.80000000000001
Latvia,LVA,2012,64.94999999999999
Latvia,LVA,2013,64.0
Latvia,LVA,2014,63.05
Latvia,LVA,2015,61.45
Latvia,LVA,2016,61.6
Latvia,LVA,2017,62.65000153
Latvia,LVA,2018,65.19999695
Lithuania,LTU,1994,61.45
Lithuania,LTU,1995,61.2
Lithuania,LTU,1996,60.95
Lithuania,LTU,1997,60.649999615
Lithuania,LTU,1998,61.199998855000004
Lithuania,LTU,1999,60.85
Lithuania,LTU,2000,60.2
Lithuania,LTU,2001,60.650000000000006
Lithuania,LTU,2002,61.05
Lithuania,LTU,2003,61.35
Lithuania,LTU,2004,62.599999999999994
Lithuania,LTU,2005,62.65
Lithuania,LTU,2006,60.8
Lithuania,LTU,2007,60.05
Lithuania,LTU,2008,60.8
Lithuania,LTU,2009,60.25
Lithuania,LTU,2010,61.3
Lithuania,LTU,2011,62.65
Lithuania,LTU,2012,63.0
Lithuania,LTU,2013,63.449999999999996
Lithuania,LTU,2014,63.35
Lithuania,LTU,2015,62.6
Lithuania,LTU,2016,61.9
Lithuania,LTU,2017,62.75
Lithuania,LTU,2018,63.650001525
Luxembourg,LUX,1970,64.25
Luxembourg,LUX,1971,63.949999999999996
Luxembourg,LUX,1972,63.849999999999994
Luxembourg,LUX,1973,63.8
Luxembourg,LUX,1974,63.650000000000006
Luxembourg,LUX,1975,63.65
Luxembourg,LUX,1976,63.400000000000006
Luxembourg,LUX,1977,63.150000000000006
Luxembourg,LUX,1978,62.9
Luxembourg,LUX,1979,62.65
Luxembourg,LUX,1980,62.4
Luxembourg,LUX,1981,62.150000000000006
Luxembourg,LUX,1982,61.05
Luxembourg,LUX,1983,60.25
Luxembourg,LUX,1984,60.05
Luxembourg,LUX,1985,60.349999999999994
Luxembourg,LUX,1986,60.849999999999994
Luxembourg,LUX,1987,61.8
Luxembourg,LUX,1988,60.0
Luxembourg,LUX,1989,60.35
Luxembourg,LUX,1990,60.2
Luxembourg,LUX,1991,58.25
Luxembourg,LUX,1992,58.400000000000006
Luxembourg,LUX,1993,59.599999999999994
Luxembourg,LUX,1994,58.85
Luxembourg,LUX,1995,58.9
Luxembourg,LUX,1996,58.15
Luxembourg,LUX,1997,57.949998855000004
Luxembourg,LUX,1998,58.54999924
Luxembourg,LUX,1999,59.0
Luxembourg,LUX,2000,60.0
Luxembourg,LUX,2001,59.0
Luxembourg,LUX,2002,59.8
Luxembourg,LUX,2003,58.75
Luxembourg,LUX,2004,58.900000000000006
Luxembourg,LUX,2005,60.3
Luxembourg,LUX,2006,59.95
Luxembourg,LUX,2007,59.900000000000006
Luxembourg,LUX,2008,60.599999999999994
Luxembourg,LUX,2009,57.55
Luxembourg,LUX,2010,58.150000000000006
Luxembourg,LUX,2011,58.25
Luxembourg,LUX,2012,59.0
Luxembourg,LUX,2013,59.55
Luxembourg,LUX,2014,61.9
Luxembourg,LUX,2015,59.75
Luxembourg,LUX,2016,61.1
Luxembourg,LUX,2017,60.25
Luxembourg,LUX,2018,60.89999962
Malta,MLT,1990,60.95
Malta,MLT,1991,61.05
Malta,MLT,1992,61.2
Malta,MLT,1993,61.3
Malta,MLT,1994,61.45
Malta,MLT,1995,61.3
Malta,MLT,1996,61.35
Malta,MLT,1997,62.14999962
Malta,MLT,1998,62.35000038
Malta,MLT,1999,62.45
Malta,MLT,2000,62.75
Malta,MLT,2001,61.4
Malta,MLT,2002,61.25
Malta,MLT,2003,60.75
Malta,MLT,2004,60.0
Malta,MLT,2005,58.2
Malta,MLT,2006,59.5
Malta,MLT,2007,60.5
Malta,MLT,2008,61.8
Malta,MLT,2009,60.75
Malta,MLT,2010,62.349999999999994
Malta,MLT,2011,61.05
Malta,MLT,2012,60.4
Malta,MLT,2013,61.35
Malta,MLT,2014,61.9
Malta,MLT,2015,61.9
Malta,MLT,2016,62.5
Malta,MLT,2017,63.25
Malta,MLT,2018,62.79999924
Mexico,MEX,1975,79.8
Mexico,MEX,1976,79.6
Mexico,MEX,1977,79.35
Mexico,MEX,1978,79.15
Mexico,MEX,1979,78.85
Mexico,MEX,1980,78.65
Mexico,MEX,1981,78.5
Mexico,MEX,1982,78.3
Mexico,MEX,1983,78.15
Mexico,MEX,1984,78.0
Mexico,MEX,1985,77.85
Mexico,MEX,1986,77.2
Mexico,MEX,1987,76.55
Mexico,MEX,1988,75.95
Mexico,MEX,1989,75.3
Mexico,MEX,1990,74.7
Mexico,MEX,1991,74.19999999999999
Mexico,MEX,1992,74.05
Mexico,MEX,1993,74.1
Mexico,MEX,1994,73.35
Mexico,MEX,1995,72.4
Mexico,MEX,1996,72.2
Mexico,MEX,1997,73.549999235
Mexico,MEX,1998,72.19999695
Mexico,MEX,1999,72.75
Mexico,MEX,2000,72.05
Mexico,MEX,2001,71.05
Mexico,MEX,2002,70.4
Mexico,MEX,2003,71.0
Mexico,MEX,2004,73.0
Mexico,MEX,2005,73.0
Mexico,MEX,2006,74.05
Mexico,MEX,2007,73.80000000000001
Mexico,MEX,2008,73.3
Mexico,MEX,2009,70.8
Mexico,MEX,2010,70.6
Mexico,MEX,2011,70.15
Mexico,MEX,2012,70.25
Mexico,MEX,2013,70.4
Mexico,MEX,2014,69.45
Mexico,MEX,2015,70.1
Mexico,MEX,2016,69.6
Mexico,MEX,2017,69.0
Mexico,MEX,2018,68.900001525
Netherlands,NLD,1970,66.65
Netherlands,NLD,1971,66.25
Netherlands,NLD,1972,66.0
Netherlands,NLD,1973,65.6
Netherlands,NLD,1974,65.19999999999999
Netherlands,NLD,1975,64.6
Netherlands,NLD,1976,64.4
Netherlands,NLD,1977,64.0
Netherlands,NLD,1978,63.849999999999994
Netherlands,NLD,1979,63.5
Netherlands,NLD,1980,63.55
Netherlands,NLD,1981,62.65
Netherlands,NLD,1982,62.25
Netherlands,NLD,1983,62.15
Netherlands,NLD,1984,61.900000000000006
Netherlands,NLD,1985,61.25
Netherlands,NLD,1986,60.3
Netherlands,NLD,1987,60.0
Netherlands,NLD,1988,60.099999999999994
Netherlands,NLD,1989,59.6
Netherlands,NLD,1990,59.25
Netherlands,NLD,1991,59.55
Netherlands,NLD,1992,59.75
Netherlands,NLD,1993,59.599999999999994
Netherlands,NLD,1994,60.099999999999994
Netherlands,NLD,1995,60.6
Netherlands,NLD,1996,59.6
Netherlands,NLD,1997,60.299999235
Netherlands,NLD,1998,60.25
Netherlands,NLD,1999,60.2
Netherlands,NLD,2000,59.650000000000006
Netherlands,NLD,2001,59.8
Netherlands,NLD,2002,59.5
Netherlands,NLD,2003,59.7
Netherlands,NLD,2004,59.75
Netherlands,NLD,2005,60.7
Netherlands,NLD,2006,60.95
Netherlands,NLD,2007,61.349999999999994
Netherlands,NLD,2008,62.0
Netherlands,NLD,2009,62.2
Netherlands,NLD,2010,62.15
Netherlands,NLD,2011,62.8
Netherlands,NLD,2012,62.95
Netherlands,NLD,2013,62.55
Netherlands,NLD,2014,62.55
Netherlands,NLD,2015,62.8
Netherlands,NLD,2016,62.9
Netherlands,NLD,2017,63.25
Netherlands,NLD,2018,63.849998475
New Zealand,NZL,1970,69.3
New Zealand,NZL,1971,69.05000000000001
New Zealand,NZL,1972,68.55
New Zealand,NZL,1973,68.1
New Zealand,NZL,1974,67.65
New Zealand,NZL,1975,67.25
New Zealand,NZL,1976,66.85
New Zealand,NZL,1977,66.30000000000001
New Zealand,NZL,1978,65.9
New Zealand,NZL,1979,65.44999999999999
New Zealand,NZL,1980,65.05
New Zealand,NZL,1981,64.65
New Zealand,NZL,1982,64.3
New Zealand,NZL,1983,63.9
New Zealand,NZL,1984,63.55
New Zealand,NZL,1985,63.2
New Zealand,NZL,1986,62.849999999999994
New Zealand,NZL,1987,62.9
New Zealand,NZL,1988,63.0
New Zealand,NZL,1989,62.3
New Zealand,NZL,1990,62.15
New Zealand,NZL,1991,62.0
New Zealand,NZL,1992,61.8
New Zealand,NZL,1993,61.85
New Zealand,NZL,1994,61.7
New Zealand,NZL,1995,62.0
New Zealand,NZL,1996,61.8
New Zealand,NZL,1997,61.399999615
New Zealand,NZL,1998,62.14999962
New Zealand,NZL,1999,62.6
New Zealand,NZL,2000,62.099999999999994
New Zealand,NZL,2001,62.599999999999994
New Zealand,NZL,2002,62.75
New Zealand,NZL,2003,62.900000000000006
New Zealand,NZL,2004,63.85
New Zealand,NZL,2005,64.8
New Zealand,NZL,2006,65.3
New Zealand,NZL,2007,65.25
New Zealand,NZL,2008,65.5
New Zealand,NZL,2009,66.05
New Zealand,NZL,2010,65.7
New Zealand,NZL,2011,65.9
New Zealand,NZL,2012,66.6
New Zealand,NZL,2013,66.94999999999999
New Zealand,NZL,2014,67.1
New Zealand,NZL,2015,66.80000000000001
New Zealand,NZL,2016,67.4
New Zealand,NZL,2017,68.40000153
New Zealand,NZL,2018,68.10000228999999
Norway,NOR,1970,67.8
Norway,NOR,1971,67.65
Norway,NOR,1972,67.5
Norway,NOR,1973,67.25
Norway,NOR,1974,66.95
Norway,NOR,1975,67.0
Norway,NOR,1976,67.30000000000001
Norway,NOR,1977,67.5
Norway,NOR,1978,67.25
Norway,NOR,1979,66.6
Norway,NOR,1980,66.5
Norway,NOR,1981,66.45
Norway,NOR,1982,66.6
Norway,NOR,1983,66.85
Norway,NOR,1984,66.1
Norway,NOR,1985,64.95
Norway,NOR,1986,64.45
Norway,NOR,1987,63.95
Norway,NOR,1988,63.25
Norway,NOR,1989,63.349999999999994
Norway,NOR,1990,62.95
Norway,NOR,1991,62.650000000000006
Norway,NOR,1992,62.15
Norway,NOR,1993,62.5
Norway,NOR,1994,63.199999999999996
Norway,NOR,1995,63.65
Norway,NOR,1996,64.1
Norway,NOR,1997,64.60000228999999
Norway,NOR,1998,64.80000305
Norway,NOR,1999,64.15
Norway,NOR,2000,63.85
Norway,NOR,2001,63.5
Norway,NOR,2002,62.4
Norway,NOR,2003,62.4
Norway,NOR,2004,62.25
Norway,NOR,2005,62.55
Norway,NOR,2006,63.099999999999994
Norway,NOR,2007,63.7
Norway,NOR,2008,64.8
Norway,NOR,2009,64.65
Norway,NOR,2010,63.949999999999996
Norway,NOR,2011,64.25
Norway,NOR,2012,64.55
Norway,NOR,2013,63.949999999999996
Norway,NOR,2014,64.7
Norway,NOR,2015,64.95
Norway,NOR,2016,65.30000000000001
Norway,NOR,2017,64.70000076
Norway,NOR,2018,65.09999847
OECD average,,1970,67.65
OECD average,,1971,67.3
OECD average,,1972,67.1
OECD average,,1973,66.9
OECD average,,1974,66.65
OECD average,,1975,66.45
OECD average,,1976,66.19999999999999
OECD average,,1977,65.95
OECD average,,1978,65.65
OECD average,,1979,65.25
OECD average,,1980,65.2
OECD average,,1981,64.8
OECD average,,1982,64.5
OECD average,,1983,64.25
OECD average,,1984,63.900000000000006
OECD average,,1985,63.75
OECD average,,1986,63.55
OECD average,,1987,63.550000000000004
OECD average,,1988,63.25
OECD average,,1989,63.4
OECD average,,1990,63.25
OECD average,,1991,63.1
OECD average,,1992,62.849999999999994
OECD average,,1993,62.9
OECD average,,1994,62.7
OECD average,,1995,62.45
OECD average,,1996,62.3
OECD average,,1997,62.25
OECD average,,1998,62.10000038
OECD average,,1999,62.150000000000006
OECD average,,2000,62.05
OECD average,,2001,62.05
OECD average,,2002,62.2
OECD average,,2003,62.2
OECD average,,2004,62.3
OECD average,,2005,62.7
OECD average,,2006,62.900000000000006
OECD average,,2007,63.0
OECD average,,2008,63.15
OECD average,,2009,63.099999999999994
OECD average,,2010,63.2
OECD average,,2011,63.3
OECD average,,2012,63.650000000000006
OECD average,,2013,63.7
OECD average,,2014,63.9
OECD average,,2015,64.0
OECD average,,2016,64.25
OECD average,,2017,64.400001525
OECD average,,2018,64.550001145
Poland,POL,1970,72.9
Poland,POL,1971,71.75
Poland,POL,1972,70.85
Poland,POL,1973,70.05
Poland,POL,1974,69.55000000000001
Poland,POL,1975,69.0
Poland,POL,1976,68.5
Poland,POL,1977,68.0
Poland,POL,1978,67.5
Poland,POL,1979,67.1
Poland,POL,1980,66.55
Poland,POL,1981,66.05
Poland,POL,1982,65.45
Poland,POL,1983,65.0
Poland,POL,1984,65.0
Poland,POL,1985,64.95
Poland,POL,1986,64.95
Poland,POL,1987,64.95
Poland,POL,1988,64.9
Poland,POL,1989,64.7
Poland,POL,1990,64.75
Poland,POL,1991,64.75
Poland,POL,1992,64.65
Poland,POL,1993,64.75
Poland,POL,1994,63.65
Poland,POL,1995,62.65
Poland,POL,1996,61.8
Poland,POL,1997,60.95000076
Poland,POL,1998,60.799999235
Poland,POL,1999,61.099999999999994
Poland,POL,2000,60.400000000000006
Poland,POL,2001,60.3
Poland,POL,2002,60.1
Poland,POL,2003,60.15
Poland,POL,2004,59.650000000000006
Poland,POL,2005,59.75
Poland,POL,2006,59.45
Poland,POL,2007,59.45
Poland,POL,2008,59.6
Poland,POL,2009,60.1
Poland,POL,2010,60.25
Poland,POL,2011,60.5
Poland,POL,2012,61.05
Poland,POL,2013,61.05
Poland,POL,2014,60.85
Poland,POL,2015,61.0
Poland,POL,2016,61.2
Poland,POL,2017,61.35000038
Poland,POL,2018,61.699998855000004
Portugal,PRT,1970,72.5
Portugal,PRT,1971,72.0
Portugal,PRT,1972,71.65
Portugal,PRT,1973,71.35
Portugal,PRT,1974,71.1
Portugal,PRT,1975,70.15
Portugal,PRT,1976,69.25
Portugal,PRT,1977,69.4
Portugal,PRT,1978,68.5
Portugal,PRT,1979,68.15
Portugal,PRT,1980,68.0
Portugal,PRT,1981,67.8
Portugal,PRT,1982,66.9
Portugal,PRT,1983,66.5
Portugal,PRT,1984,66.94999999999999
Portugal,PRT,1985,66.55000000000001
Portugal,PRT,1986,65.80000000000001
Portugal,PRT,1987,65.35
Portugal,PRT,1988,65.85
Portugal,PRT,1989,65.30000000000001
Portugal,PRT,1990,65.05
Portugal,PRT,1991,65.3
Portugal,PRT,1992,64.65
Portugal,PRT,1993,64.0
Portugal,PRT,1994,63.95
Portugal,PRT,1995,63.3
Portugal,PRT,1996,63.099999999999994
Portugal,PRT,1997,63.200000765
Portugal,PRT,1998,61.89999962
Portugal,PRT,1999,61.55
Portugal,PRT,2000,61.9
Portugal,PRT,2001,62.599999999999994
Portugal,PRT,2002,62.8
Portugal,PRT,2003,64.25
Portugal,PRT,2004,65.44999999999999
Portugal,PRT,2005,66.25
Portugal,PRT,2006,66.3
Portugal,PRT,2007,66.45
Portugal,PRT,2008,65.94999999999999
Portugal,PRT,2009,65.4
Portugal,PRT,2010,65.6
Portugal,PRT,2011,65.7
Portugal,PRT,2012,66.05000000000001
Portugal,PRT,2013,66.5
Portugal,PRT,2014,66.6
Portugal,PRT,2015,66.9
Portugal,PRT,2016,66.95
Portugal,PRT,2017,67.59999847
Portugal,PRT,2018,66.950000765
Romania,ROU,1970,67.6
Romania,ROU,1971,67.3
Romania,ROU,1972,67.0
Romania,ROU,1973,66.75
Romania,ROU,1974,66.44999999999999
Romania,ROU,1975,66.2
Romania,ROU,1976,65.9
Romania,ROU,1977,65.65
Romania,ROU,1978,65.05
Romania,ROU,1979,64.45
Romania,ROU,1980,63.900000000000006
Romania,ROU,1981,63.3
Romania,ROU,1982,62.7
Romania,ROU,1983,62.55
Romania,ROU,1984,62.45
Romania,ROU,1985,62.35
Romania,ROU,1986,62.2
Romania,ROU,1987,62.099999999999994
Romania,ROU,1988,61.95
Romania,ROU,1989,61.85
Romania,ROU,1990,61.75
Romania,ROU,1991,61.6
Romania,ROU,1992,61.5
Romania,ROU,1993,60.45
Romania,ROU,1994,60.95
Romania,ROU,1995,62.3
Romania,ROU,1996,60.2
Romania,ROU,1997,60.85000038
Romania,ROU,1998,61.299999235
Romania,ROU,1999,62.650000000000006
Romania,ROU,2000,65.05
Romania,ROU,2001,63.349999999999994
Romania,ROU,2002,64.75
Romania,ROU,2003,65.80000000000001
Romania,ROU,2004,66.85
Romania,ROU,2005,67.45
Romania,ROU,2006,68.9
Romania,ROU,2007,67.5
Romania,ROU,2008,67.25
Romania,ROU,2009,65.65
Romania,ROU,2010,65.9
Romania,ROU,2011,63.599999999999994
Romania,ROU,2012,66.35
Romania,ROU,2013,67.35
Romania,ROU,2014,67.2
Romania,ROU,2015,65.8
Romania,ROU,2016,67.19999999999999
Romania,ROU,2017,67.79999924
Romania,ROU,2018,67.95000076
Russia,RUS,1994,60.0
Russia,RUS,1995,59.85
Russia,RUS,1996,59.8
Russia,RUS,1997,59.75
Russia,RUS,1998,59.449998855000004
Russia,RUS,1999,58.45
Russia,RUS,2000,58.65
Russia,RUS,2001,58.5
Russia,RUS,2002,58.95
Russia,RUS,2003,58.75
Russia,RUS,2004,61.1
Russia,RUS,2005,60.95
Russia,RUS,2006,60.75
Russia,RUS,2007,61.35
Russia,RUS,2008,61.599999999999994
Russia,RUS,2009,61.55
Russia,RUS,2010,61.8
Russia,RUS,2011,61.599999999999994
Russia,RUS,2012,61.849999999999994
Russia,RUS,2013,61.6
Russia,RUS,2014,61.7
Russia,RUS,2015,61.4
Russia,RUS,2016,61.75
Russia,RUS,2017,61.5
Russia,RUS,2018,61.70000076
Saudi Arabia,SAU,1997,59.45000076
Saudi Arabia,SAU,1998,59.449998855000004
Saudi Arabia,SAU,1999,59.5
Saudi Arabia,SAU,2000,63.4
Saudi Arabia,SAU,2001,63.25
Saudi Arabia,SAU,2002,62.75
Saudi Arabia,SAU,2003,61.95
Saudi Arabia,SAU,2004,61.65
Saudi Arabia,SAU,2005,61.0
Saudi Arabia,SAU,2006,60.7
Saudi Arabia,SAU,2007,59.75
Saudi Arabia,SAU,2008,60.65
Saudi Arabia,SAU,2009,60.45
Saudi Arabia,SAU,2010,60.75
Saudi Arabia,SAU,2011,61.35
Saudi Arabia,SAU,2012,62.599999999999994
Saudi Arabia,SAU,2013,61.9
Saudi Arabia,SAU,2014,60.900000000000006
Saudi Arabia,SAU,2015,61.75
Saudi Arabia,SAU,2016,60.75
Saudi Arabia,SAU,2017,60.649999615
Slovakia,SVK,1996,57.95
Slovakia,SVK,1997,57.5
Slovakia,SVK,1998,57.10000038
Slovakia,SVK,1999,57.25
Slovakia,SVK,2000,57.55
Slovakia,SVK,2001,57.8
Slovakia,SVK,2002,57.75
Slovakia,SVK,2003,57.95
Slovakia,SVK,2004,57.85
Slovakia,SVK,2005,57.5
Slovakia,SVK,2006,57.150000000000006
Slovakia,SVK,2007,56.95
Slovakia,SVK,2008,57.3
Slovakia,SVK,2009,57.95
Slovakia,SVK,2010,58.4
Slovakia,SVK,2011,59.05
Slovakia,SVK,2012,59.75
Slovakia,SVK,2013,59.65
Slovakia,SVK,2014,59.95
Slovakia,SVK,2015,60.099999999999994
Slovakia,SVK,2016,60.15
Slovakia,SVK,2017,60.050001144999996
Slovakia,SVK,2018,60.5
Slovenia,SVN,1996,59.25
Slovenia,SVN,1997,56.950000765
Slovenia,SVN,1998,57.40000153
Slovenia,SVN,1999,58.35
Slovenia,SVN,2000,58.6
Slovenia,SVN,2001,58.3
Slovenia,SVN,2002,60.7
Slovenia,SVN,2003,60.2
Slovenia,SVN,2004,59.1
Slovenia,SVN,2005,59.75
Slovenia,SVN,2006,59.9
Slovenia,SVN,2007,58.7
Slovenia,SVN,2008,59.2
Slovenia,SVN,2009,60.6
Slovenia,SVN,2010,59.7
Slovenia,SVN,2011,59.85
Slovenia,SVN,2012,61.75
Slovenia,SVN,2013,60.3
Slovenia,SVN,2014,60.9
Slovenia,SVN,2015,61.599999999999994
Slovenia,SVN,2016,61.599999999999994
Slovenia,SVN,2017,61.449998855000004
Slovenia,SVN,2018,61.59999847
South Africa,ZAF,1975,67.45
South Africa,ZAF,1976,67.4
South Africa,ZAF,1977,67.44999999999999
South Africa,ZAF,1978,67.5
South Africa,ZAF,1979,67.5
South Africa,ZAF,1980,67.5
South Africa,ZAF,1981,68.05000000000001
South Africa,ZAF,1982,68.65
South Africa,ZAF,1983,69.30000000000001
South Africa,ZAF,1984,69.75
South Africa,ZAF,1985,70.1
South Africa,ZAF,1986,69.94999999999999
South Africa,ZAF,1987,69.9
South Africa,ZAF,1988,69.75
South Africa,ZAF,1989,69.6
South Africa,ZAF,1990,69.5
South Africa,ZAF,1991,69.35
South Africa,ZAF,1992,68.30000000000001
South Africa,ZAF,1993,67.3
South Africa,ZAF,1994,66.35
South Africa,ZAF,1995,65.65
South Africa,ZAF,1996,64.9
South Africa,ZAF,1997,65.099998475
South Africa,ZAF,1998,65.29999924
South Africa,ZAF,1999,65.55
South Africa,ZAF,2000,66.3
South Africa,ZAF,2001,65.2
South Africa,ZAF,2002,65.19999999999999
South Africa,ZAF,2003,65.05
South Africa,ZAF,2004,65.35
South Africa,ZAF,2005,66.55000000000001
South Africa,ZAF,2006,65.45
South Africa,ZAF,2007,63.05
South Africa,ZAF,2008,64.3
South Africa,ZAF,2009,65.05
South Africa,ZAF,2010,64.35
South Africa,ZAF,2011,63.7
South Africa,ZAF,2012,64.80000000000001
South Africa,ZAF,2013,62.849999999999994
South Africa,ZAF,2014,61.05
South Africa,ZAF,2015,62.2
South Africa,ZAF,2016,61.8
South Africa,ZAF,2017,61.899999615
South Africa,ZAF,2018,62.399999615
South Korea,KOR,1970,64.4
South Korea,KOR,1971,64.6
South Korea,KOR,1972,65.1
South Korea,KOR,1973,65.55
South Korea,KOR,1974,65.65
South Korea,KOR,1975,65.85
South Korea,KOR,1976,66.95
South Korea,KOR,1977,66.69999999999999
South Korea,KOR,1978,66.35
South Korea,KOR,1979,66.0
South Korea,KOR,1980,66.4
South Korea,KOR,1981,65.25
South Korea,KOR,1982,65.8
South Korea,KOR,1983,65.35
South Korea,KOR,1984,64.4
South Korea,KOR,1985,64.95
South Korea,KOR,1986,64.85
South Korea,KOR,1987,64.45
South Korea,KOR,1988,64.9
South Korea,KOR,1989,68.75
South Korea,KOR,1990,69.75
South Korea,KOR,1991,69.75
South Korea,KOR,1992,69.80000000000001
South Korea,KOR,1993,68.3
South Korea,KOR,1994,68.75
South Korea,KOR,1995,68.65
South Korea,KOR,1996,68.44999999999999
South Korea,KOR,1997,68.849998475
South Korea,KOR,1998,67.75
South Korea,KOR,1999,67.0
South Korea,KOR,2000,66.4
South Korea,KOR,2001,67.05000000000001
South Korea,KOR,2002,67.15
South Korea,KOR,2003,67.05
South Korea,KOR,2004,68.44999999999999
South Korea,KOR,2005,69.0
South Korea,KOR,2006,69.2
South Korea,KOR,2007,69.3
South Korea,KOR,2008,69.85
South Korea,KOR,2009,69.7
South Korea,KOR,2010,70.2
South Korea,KOR,2011,70.55000000000001
South Korea,KOR,2012,70.80000000000001
South Korea,KOR,2013,70.94999999999999
South Korea,KOR,2014,72.15
South Korea,KOR,2015,72.15
South Korea,KOR,2016,72.15
South Korea,KOR,2017,73.0
South Korea,KOR,2018,72.30000305
Spain,ESP,1970,69.2
Spain,ESP,1971,69.94999999999999
Spain,ESP,1972,70.4
Spain,ESP,1973,70.7
Spain,ESP,1974,69.44999999999999
Spain,ESP,1975,69.6
Spain,ESP,1976,69.15
Spain,ESP,1977,67.85
Spain,ESP,1978,66.95
Spain,ESP,1979,64.05000000000001
Spain,ESP,1980,65.69999999999999
Spain,ESP,1981,65.25
Spain,ESP,1982,64.75
Spain,ESP,1983,64.4
Spain,ESP,1984,63.75
Spain,ESP,1985,63.3
Spain,ESP,1986,63.45
Spain,ESP,1987,64.15
Spain,ESP,1988,64.4
Spain,ESP,1989,64.6
Spain,ESP,1990,64.19999999999999
Spain,ESP,1991,63.7
Spain,ESP,1992,62.8
Spain,ESP,1993,62.15
Spain,ESP,1994,62.2
Spain,ESP,1995,61.9
Spain,ESP,1996,61.849999999999994
Spain,ESP,1997,62.200000765
Spain,ESP,1998,62.200000765
Spain,ESP,1999,61.3
Spain,ESP,2000,61.7
Spain,ESP,2001,61.8
Spain,ESP,2002,61.25
Spain,ESP,2003,61.75
Spain,ESP,2004,62.05
Spain,ESP,2005,62.0
Spain,ESP,2006,62.1
Spain,ESP,2007,62.15
Spain,ESP,2008,62.3
Spain,ESP,2009,62.45
Spain,ESP,2010,62.65
Spain,ESP,2011,62.9
Spain,ESP,2012,62.75
Spain,ESP,2013,62.85
Spain,ESP,2014,62.650000000000006
Spain,ESP,2015,62.45
Spain,ESP,2016,62.400000000000006
Spain,ESP,2017,61.899999615
Spain,ESP,2018,61.699998855000004
Sweden,SWE,1970,67.25
Sweden,SWE,1971,66.19999999999999
Sweden,SWE,1972,66.0
Sweden,SWE,1973,65.94999999999999
Sweden,SWE,1974,66.05
Sweden,SWE,1975,65.6
Sweden,SWE,1976,65.30000000000001
Sweden,SWE,1977,65.35
Sweden,SWE,1978,65.15
Sweden,SWE,1979,64.94999999999999
Sweden,SWE,1980,64.65
Sweden,SWE,1981,64.2
Sweden,SWE,1982,63.849999999999994
Sweden,SWE,1983,63.9
Sweden,SWE,1984,63.6
Sweden,SWE,1985,63.650000000000006
Sweden,SWE,1986,63.75
Sweden,SWE,1987,63.800000000000004
Sweden,SWE,1988,63.2
Sweden,SWE,1989,63.0
Sweden,SWE,1990,63.4
Sweden,SWE,1991,63.3
Sweden,SWE,1992,62.900000000000006
Sweden,SWE,1993,63.05
Sweden,SWE,1994,62.849999999999994
Sweden,SWE,1995,62.25
Sweden,SWE,1996,62.849999999999994
Sweden,SWE,1997,62.899999615
Sweden,SWE,1998,62.950000765
Sweden,SWE,1999,63.4
Sweden,SWE,2000,63.05
Sweden,SWE,2001,62.8
Sweden,SWE,2002,62.75
Sweden,SWE,2003,62.9
Sweden,SWE,2004,62.6
Sweden,SWE,2005,63.8
Sweden,SWE,2006,63.65
Sweden,SWE,2007,64.2
Sweden,SWE,2008,64.45
Sweden,SWE,2009,64.85
Sweden,SWE,2010,64.35
Sweden,SWE,2011,65.19999999999999
Sweden,SWE,2012,65.19999999999999
Sweden,SWE,2013,65.0
Sweden,SWE,2014,64.7
Sweden,SWE,2015,65.05000000000001
Sweden,SWE,2016,65.19999999999999
Sweden,SWE,2017,65.549999235
Sweden,SWE,2018,65.90000153
Switzerland,CHE,1970,72.45
Switzerland,CHE,1971,71.69999999999999
Switzerland,CHE,1972,71.05
Switzerland,CHE,1973,70.5
Switzerland,CHE,1974,70.05000000000001
Switzerland,CHE,1975,69.44999999999999
Switzerland,CHE,1976,69.25
Switzerland,CHE,1977,68.94999999999999
Switzerland,CHE,1978,68.7
Switzerland,CHE,1979,68.4
Switzerland,CHE,1980,68.2
Switzerland,CHE,1981,68.1
Switzerland,CHE,1982,68.0
Switzerland,CHE,1983,67.85
Switzerland,CHE,1984,67.7
Switzerland,CHE,1985,67.5
Switzerland,CHE,1986,67.35
Switzerland,CHE,1987,67.15
Switzerland,CHE,1988,67.0
Switzerland,CHE,1989,66.85
Switzerland,CHE,1990,66.75
Switzerland,CHE,1991,66.6
Switzerland,CHE,1992,67.55
Switzerland,CHE,1993,67.4
Switzerland,CHE,1994,66.9
Switzerland,CHE,1995,66.65
Switzerland,CHE,1996,66.55000000000001
Switzerland,CHE,1997,64.90000153
Switzerland,CHE,1998,64.70000076
Switzerland,CHE,1999,64.55000000000001
Switzerland,CHE,2000,64.05
Switzerland,CHE,2001,65.15
Switzerland,CHE,2002,64.80000000000001
Switzerland,CHE,2003,64.1
Switzerland,CHE,2004,65.05000000000001
Switzerland,CHE,2005,64.95
Switzerland,CHE,2006,64.2
Switzerland,CHE,2007,64.44999999999999
Switzerland,CHE,2008,65.45
Switzerland,CHE,2009,64.5
Switzerland,CHE,2010,64.35
Switzerland,CHE,2011,65.0
Switzerland,CHE,2012,65.19999999999999
Switzerland,CHE,2013,65.05
Switzerland,CHE,2014,65.2
Switzerland,CHE,2015,64.95
Switzerland,CHE,2016,65.15
Switzerland,CHE,2017,65.0
Switzerland,CHE,2018,65.700000765
Turkey,TUR,1970,63.0
Turkey,TUR,1971,62.400000000000006
Turkey,TUR,1972,62.3
Turkey,TUR,1973,62.8
Turkey,TUR,1974,63.4
Turkey,TUR,1975,64.15
Turkey,TUR,1976,64.7
Turkey,TUR,1977,65.2
Turkey,TUR,1978,65.65
Turkey,TUR,1979,66.15
Turkey,TUR,1980,66.55
Turkey,TUR,1981,66.25
Turkey,TUR,1982,65.65
Turkey,TUR,1983,64.6
Turkey,TUR,1984,63.550000000000004
Turkey,TUR,1985,62.400000000000006
Turkey,TUR,1986,62.05
Turkey,TUR,1987,61.7
Turkey,TUR,1988,61.5
Turkey,TUR,1989,61.4
Turkey,TUR,1990,61.75
Turkey,TUR,1991,63.099999999999994
Turkey,TUR,1992,63.55
Turkey,TUR,1993,63.8
Turkey,TUR,1994,63.3
Turkey,TUR,1995,62.35
Turkey,TUR,1996,61.05
Turkey,TUR,1997,61.450000765
Turkey,TUR,1998,58.5
Turkey,TUR,1999,58.5
Turkey,TUR,2000,59.3
Turkey,TUR,2001,60.3
Turkey,TUR,2002,60.7
Turkey,TUR,2003,62.150000000000006
Turkey,TUR,2004,63.099999999999994
Turkey,TUR,2005,63.7
Turkey,TUR,2006,64.0
Turkey,TUR,2007,63.5
Turkey,TUR,2008,63.45
Turkey,TUR,2009,63.95
Turkey,TUR,2010,64.19999999999999
Turkey,TUR,2011,64.30000000000001
Turkey,TUR,2012,64.35
Turkey,TUR,2013,64.9
Turkey,TUR,2014,65.65
Turkey,TUR,2015,65.69999999999999
Turkey,TUR,2016,66.3
Turkey,TUR,2017,66.0
Turkey,TUR,2018,65.60000228999999
United Kingdom,GBR,1970,66.7
United Kingdom,GBR,1971,66.6
United Kingdom,GBR,1972,66.5
United Kingdom,GBR,1973,66.3
United Kingdom,GBR,1974,66.0
United Kingdom,GBR,1975,66.0
United Kingdom,GBR,1976,65.2
United Kingdom,GBR,1977,65.3
United Kingdom,GBR,1978,64.9
United Kingdom,GBR,1979,64.65
United Kingdom,GBR,1980,64.3
United Kingdom,GBR,1981,63.7
United Kingdom,GBR,1982,63.050000000000004
United Kingdom,GBR,1983,62.55
United Kingdom,GBR,1984,62.150000000000006
United Kingdom,GBR,1985,61.8
United Kingdom,GBR,1986,62.150000000000006
United Kingdom,GBR,1987,61.95
United Kingdom,GBR,1988,61.7
United Kingdom,GBR,1989,61.75
United Kingdom,GBR,1990,61.75
United Kingdom,GBR,1991,61.5
United Kingdom,GBR,1992,61.35
United Kingdom,GBR,1993,61.5
United Kingdom,GBR,1994,61.75
United Kingdom,GBR,1995,61.35
United Kingdom,GBR,1996,61.4
United Kingdom,GBR,1997,61.449998855000004
United Kingdom,GBR,1998,61.20000076
United Kingdom,GBR,1999,61.599999999999994
United Kingdom,GBR,2000,61.7
United Kingdom,GBR,2001,61.7
United Kingdom,GBR,2002,62.2
United Kingdom,GBR,2003,62.6
United Kingdom,GBR,2004,62.1
United Kingdom,GBR,2005,62.3
United Kingdom,GBR,2006,62.650000000000006
United Kingdom,GBR,2007,62.599999999999994
United Kingdom,GBR,2008,62.8
United Kingdom,GBR,2009,63.35
United Kingdom,GBR,2010,63.0
United Kingdom,GBR,2011,62.900000000000006
United Kingdom,GBR,2012,63.0
United Kingdom,GBR,2013,63.2
United Kingdom,GBR,2014,63.0
United Kingdom,GBR,2015,63.55
United Kingdom,GBR,2016,63.8
United Kingdom,GBR,2017,63.89999962
United Kingdom,GBR,2018,64.14999771000001
United States,USA,1970,68.15
United States,USA,1971,67.5
United States,USA,1972,66.95
United States,USA,1973,66.85
United States,USA,1974,66.69999999999999
United States,USA,1975,66.35
United States,USA,1976,66.25
United States,USA,1977,66.30000000000001
United States,USA,1978,66.3
United States,USA,1979,66.3
United States,USA,1980,66.35
United States,USA,1981,66.1
United States,USA,1982,66.1
United States,USA,1983,65.85
United States,USA,1984,65.65
United States,USA,1985,65.55000000000001
United States,USA,1986,65.44999999999999
United States,USA,1987,65.35
United States,USA,1988,65.55
United States,USA,1989,65.35
United States,USA,1990,64.85
United States,USA,1991,64.55
United States,USA,1992,64.6
United States,USA,1993,64.5
United States,USA,1994,63.75
United States,USA,1995,63.95
United States,USA,1996,64.15
United States,USA,1997,64.450000765
United States,USA,1998,64.40000153
United States,USA,1999,64.65
United States,USA,2000,64.25
United States,USA,2001,64.1
United States,USA,2002,64.1
United States,USA,2003,63.8
United States,USA,2004,63.8
United States,USA,2005,63.9
United States,USA,2006,64.3
United States,USA,2007,64.3
United States,USA,2008,64.80000000000001
United States,USA,2009,65.19999999999999
United States,USA,2010,65.44999999999999
United States,USA,2011,65.05
United States,USA,2012,65.05
United States,USA,2013,65.1
United States,USA,2014,65.30000000000001
United States,USA,2015,65.44999999999999
United States,USA,2016,66.1
United States,USA,2017,66.75
United States,USA,2018,67.200000765
